{
  "config_name": "recursive_grid_1_symbols_739days",
  "logging_level": 0,
  "long": {
    "auto_unstuck_delay_minutes": 0,
    "auto_unstuck_ema_dist": 0,
    "auto_unstuck_qty_pct": 0,
    "auto_unstuck_wallet_exposure_threshold": 0.0,
    "backwards_tp": true,
    "ddown_factor": 2.4571376805779375,
    "ema_span_0": 574.6429146464087,
    "ema_span_1": 998.4518521509638,
    "enabled": true,
    "initial_eprice_ema_dist": -0.002364544999370944,
    "initial_qty_pct": 0.01947498531082025,
    "markup_range": 0.009056114171196113,
    "min_markup": 0.007999672875385458,
    "n_close_orders": 4,
    "rentry_pprice_dist": 0.05207521202169239,
    "rentry_pprice_dist_wallet_exposure_weighting": 0.1196601983381722,
    "wallet_exposure_limit": 0.3
  },
  "short": {
    "auto_unstuck_delay_minutes": 0,
    "auto_unstuck_ema_dist": 0,
    "auto_unstuck_qty_pct": 0,
    "auto_unstuck_wallet_exposure_threshold": 0.0,
    "backwards_tp": true,
    "ddown_factor": 2.031668490908328,
    "ema_span_0": 727.8310147711617,
    "ema_span_1": 618.0557677585086,
    "enabled": true,
    "initial_eprice_ema_dist": -0.00969050200793834,
    "initial_qty_pct": 0.008857881390699056,
    "markup_range": 0.0011929234111617759,
    "min_markup": 0.0028418690883456926,
    "n_close_orders": 7,
    "rentry_pprice_dist": 0.019412467518734364,
    "rentry_pprice_dist_wallet_exposure_weighting": 0.339452546112928,
    "wallet_exposure_limit": 0.3
  }
}